model,dtype,xpu,cap,bw,sys_opb,pim_num,pim_core_num,hw,cores,pipe_level,is parallel,power constraint,gqa_size,Lin,Lout,bs,required_cap,s_flops,g_flops,s_time,s_matmul,s_fc,s_comm,s_softmax,s_act,s_lnorm,g_time (ms),g_matmul,g_fc,g_comm,g_etc,g_qkv_time,g_prj_time,g_ff_time,g2g_comm,c2g_comm,g_softmax,g_act,g_lnorm,g_energy (nJ),g_dram_energy,g_l2_energy,g_l1_energy,g_reg_energy,g_alu_energy,g_fc_mem_energy,g_fc_comp_energy,g_attn_mem_energy,g_attn_comp_energy,g_etc_mem_energy,g_etc_comp_energy,g_comm_energy
LLAMA-7B,W16A16,GPU,112,6.4,93.07875894988067,1,2,BA,1,True,True,False,0,1024,2,1,13422461088.0,13753827459071.998,13432001535.999998,71.35564729934256,7.433597243076925,55.805530267807264,0.0,5.087573572932753,1.3937994830769234,1.6351467324486872,2.720941658856464,0.037158079999999996,1.9731979486904183,0.00010922666666666666,0.7065623223537947,1.1629467151337218,0.38771359688789836,0.4225376366687981,0.0,0.00010922666666666666,0.0039140811455847255,0.26571487437288777,0.4408474479809069,428460915.4457599,372696346.64447993,34805383.168,17531855.175679997,1304844.0422400003,2106128.6297600004,370182371.4099199,55689913.30304,2408572.37504,43831.296,105402.85952,14466.41664,16357.785600000001
